unix,date,symbol,open,high,low,close,Volume BTC,Volume USDT,tradecount
1621125300000,2021-05-16 00:35:00,BTC/USDT,47130.36000000,47222.10000000,47114.07000000,47139.72000000,67.54102900,3184985.80323874,1408
1621125240000,2021-05-16 00:34:00,BTC/USDT,47258.70000000,47266.08000000,47109.43000000,47130.36000000,96.37258900,4548526.42863856,2202
1621125180000,2021-05-16 00:33:00,BTC/USDT,47253.91000000,47380.44000000,47237.91000000,47264.93000000,53.99643500,2553516.09625196,1517
1621125120000,2021-05-16 00:32:00,BTC/USDT,47432.15000000,47437.28000000,47240.90000000,47253.90000000,121.71336100,5762048.64051553,2685
1621125060000,2021-05-16 00:31:00,BTC/USDT,47527.00000000,47527.00000000,47424.01000000,47432.16000000,52.08960600,2472303.42858346,1604
1621125000000,2021-05-16 00:30:00,BTC/USDT,47482.83000000,47698.00000000,47482.83000000,47527.00000000,99.21808800,4723933.20666582,2146
1621124940000,2021-05-16 00:29:00,BTC/USDT,47496.65000000,47563.54000000,47475.12000000,47482.82000000,48.55422600,2307962.40518633,1148
1621124880000,2021-05-16 00:28:00,BTC/USDT,47580.62000000,47590.26000000,47460.73000000,47496.65000000,45.85438900,2179490.21726508,1366
1621124820000,2021-05-16 00:27:00,BTC/USDT,47585.93000000,47617.21000000,47476.53000000,47584.73000000,66.85420400,3178810.88644677,1677
1621124760000,2021-05-16 00:26:00,BTC/USDT,47532.80000000,47600.00000000,47530.40000000,47585.94000000,27.73621700,1319463.74101623,1152
1621124700000,2021-05-16 00:25:00,BTC/USDT,47477.25000000,47538.21000000,47403.40000000,47530.00000000,59.81785900,2839409.66270021,1387
1621124640000,2021-05-16 00:24:00,BTC/USDT,47408.56000000,47497.84000000,47395.05000000,47485.39000000,60.15356100,2853924.08956724,1604
1621124580000,2021-05-16 00:23:00,BTC/USDT,47382.25000000,47513.09000000,47382.25000000,47408.56000000,60.12922700,2853241.45622465,1807
1621124520000,2021-05-16 00:22:00,BTC/USDT,47531.05000000,47531.05000000,47364.11000000,47383.62000000,121.79033000,5776186.13101984,2338
1621124460000,2021-05-16 00:21:00,BTC/USDT,47564.30000000,47578.55000000,47493.10000000,47527.10000000,54.24709100,2578162.89259280,1568
1621124400000,2021-05-16 00:20:00,BTC/USDT,47600.38000000,47616.86000000,47503.80000000,47569.14000000,89.32355300,4248255.88805061,1784
1621124340000,2021-05-16 00:19:00,BTC/USDT,47636.55000000,47643.39000000,47550.00000000,47600.39000000,79.74754200,3795716.52311388,2184
1621124280000,2021-05-16 00:18:00,BTC/USDT,47545.33000000,47656.17000000,47539.26000000,47639.79000000,79.96026800,3806193.94110271,2130
1621124220000,2021-05-16 00:17:00,BTC/USDT,47667.54000000,47687.27000000,47534.60000000,47552.12000000,150.89410800,7187938.97872869,2303
1621124160000,2021-05-16 00:16:00,BTC/USDT,47671.52000000,47697.88000000,47600.06000000,47671.38000000,131.48806000,6266265.70002457,2455
1621124100000,2021-05-16 00:15:00,BTC/USDT,47534.37000000,47696.81000000,47430.79000000,47670.93000000,117.88277800,5600780.11517743,3041
1621124040000,2021-05-16 00:14:00,BTC/USDT,47428.67000000,47554.72000000,47403.54000000,47534.37000000,154.35751700,7329789.28059655,2830
1621123980000,2021-05-16 00:13:00,BTC/USDT,47463.08000000,47489.00000000,47363.54000000,47428.67000000,128.06589800,6074364.43304776,2662
1621123920000,2021-05-16 00:12:00,BTC/USDT,47452.09000000,47481.96000000,47394.84000000,47460.70000000,83.93794800,3982311.79327629,2057
1621123860000,2021-05-16 00:11:00,BTC/USDT,47343.14000000,47474.57000000,47300.00000000,47447.13000000,107.22129300,5083102.81484997,2324
1621123800000,2021-05-16 00:10:00,BTC/USDT,47400.01000000,47448.87000000,47249.18000000,47343.14000000,145.81773500,6907194.44726915,2479
1621123740000,2021-05-16 00:09:00,BTC/USDT,47324.02000000,47435.11000000,47222.79000000,47400.03000000,206.97591100,9804194.11665234,3086
1621123680000,2021-05-16 00:08:00,BTC/USDT,47199.99000000,47324.03000000,47174.13000000,47324.03000000,77.66850800,3669873.04243837,2019
1621123620000,2021-05-16 00:07:00,BTC/USDT,47182.64000000,47285.91000000,47108.25000000,47200.00000000,72.90900600,3441272.30072016,1938
1621123560000,2021-05-16 00:06:00,BTC/USDT,47229.50000000,47365.52000000,47173.33000000,47185.71000000,163.49760400,7729427.01053522,3267
1621123500000,2021-05-16 00:05:00,BTC/USDT,47229.07000000,47272.59000000,47067.99000000,47229.49000000,133.04877600,6278484.93886315,3106
1621123440000,2021-05-16 00:04:00,BTC/USDT,46647.64000000,47296.27000000,46638.40000000,47203.99000000,250.01976200,11769128.69672756,5633
1621123380000,2021-05-16 00:03:00,BTC/USDT,46505.16000000,46712.16000000,46467.00000000,46647.61000000,329.78709800,15345047.70284375,7502
1621123320000,2021-05-16 00:02:00,BTC/USDT,46872.49000000,46886.59000000,46504.66000000,46504.66000000,261.31478500,12182625.45589248,5736
1621123260000,2021-05-16 00:01:00,BTC/USDT,46986.54000000,47101.80000000,46865.20000000,46872.46000000,130.80663700,6149091.68063863,3821
1621123200000,2021-05-16 00:00:00,BTC/USDT,46762.99000000,46995.00000000,46754.31000000,46969.15000000,150.90843700,7072683.02630249,3408
1621123140000,2021-05-15 23:59:00,BTC/USDT,46777.87000000,46795.39000000,46629.85000000,46762.99000000,70.59519900,3297868.54315565,2063
1621123080000,2021-05-15 23:58:00,BTC/USDT,46803.50000000,46893.28000000,46720.00000000,46753.22000000,84.42391200,3952474.25534610,2074
1621123020000,2021-05-15 23:57:00,BTC/USDT,46789.56000000,46809.99000000,46700.00000000,46803.50000000,63.07903400,2949891.34916658,1808
1621122960000,2021-05-15 23:56:00,BTC/USDT,46857.18000000,46877.78000000,46728.17000000,46791.74000000,42.69506600,1998221.20325728,1631
1621122900000,2021-05-15 23:55:00,BTC/USDT,46796.84000000,46943.19000000,46730.11000000,46857.19000000,85.58459400,4010779.53039332,2233
1621122840000,2021-05-15 23:54:00,BTC/USDT,46746.37000000,46891.03000000,46653.17000000,46799.84000000,66.60880800,3117932.12974372,2258
1621122780000,2021-05-15 23:53:00,BTC/USDT,46664.03000000,46780.96000000,46555.00000000,46746.37000000,69.96001200,3261613.48362010,2336
1621122720000,2021-05-15 23:52:00,BTC/USDT,46707.64000000,46764.12000000,46570.79000000,46664.71000000,158.22497800,7384135.78351459,2810
1621122660000,2021-05-15 23:51:00,BTC/USDT,46912.84000000,46922.68000000,46686.63000000,46717.17000000,85.49709900,4001244.03544288,2065
1621122600000,2021-05-15 23:50:00,BTC/USDT,47011.52000000,47030.60000000,46841.31000000,46912.84000000,55.82139300,2619533.15876930,1845
1621122540000,2021-05-15 23:49:00,BTC/USDT,46883.05000000,47019.50000000,46742.14000000,47008.49000000,92.41705100,4331110.74053219,2163
1621122480000,2021-05-15 23:48:00,BTC/USDT,47056.41000000,47063.26000000,46821.36000000,46883.25000000,111.44301200,5231201.56620608,2839
1621122420000,2021-05-15 23:47:00,BTC/USDT,46916.07000000,47123.74000000,46892.34000000,47054.56000000,108.86645700,5117916.24908359,3127
1621122360000,2021-05-15 23:46:00,BTC/USDT,46915.48000000,46986.34000000,46757.49000000,46916.07000000,112.34586500,5269149.16081197,2717
1621122300000,2021-05-15 23:45:00,BTC/USDT,46773.01000000,46974.91000000,46668.04000000,46915.49000000,139.90461200,6553484.76363552,3234
1621122240000,2021-05-15 23:44:00,BTC/USDT,46636.26000000,46927.53000000,46608.64000000,46772.81000000,145.41917900,6800300.92445064,3740
1621122180000,2021-05-15 23:43:00,BTC/USDT,46641.13000000,46718.99000000,46565.00000000,46636.65000000,156.46724000,7298005.19233692,3590
1621122120000,2021-05-15 23:42:00,BTC/USDT,46702.45000000,46813.27000000,46611.74000000,46654.28000000,146.01244700,6819959.68833981,3845
1621122060000,2021-05-15 23:41:00,BTC/USDT,47069.19000000,47080.22000000,46600.00000000,46703.12000000,458.02702800,21422101.24823286,11520
1621122000000,2021-05-15 23:40:00,BTC/USDT,47322.24000000,47324.59000000,47027.54000000,47069.19000000,123.99314500,5844291.86954970,2583
1621121940000,2021-05-15 23:39:00,BTC/USDT,47144.37000000,47396.49000000,47144.35000000,47321.30000000,120.92837900,5719893.87999070,3495
1621121880000,2021-05-15 23:38:00,BTC/USDT,47001.36000000,47149.99000000,46964.82000000,47144.37000000,144.78150100,6806841.42116596,4261
1621121820000,2021-05-15 23:37:00,BTC/USDT,47143.20000000,47159.30000000,47000.00000000,47001.47000000,67.92324500,3195454.91790539,2434
1621121760000,2021-05-15 23:36:00,BTC/USDT,47127.53000000,47154.40000000,47011.00000000,47134.17000000,94.45115800,4444515.33876933,2614
1621121700000,2021-05-15 23:35:00,BTC/USDT,47060.49000000,47225.99000000,47060.43000000,47128.80000000,55.17075200,2601661.98173241,2089
1621121640000,2021-05-15 23:34:00,BTC/USDT,47239.03000000,47252.05000000,47058.39000000,47060.49000000,148.24573000,6988082.30773325,3621
1621121580000,2021-05-15 23:33:00,BTC/USDT,47290.50000000,47312.02000000,47226.79000000,47237.88000000,56.75375800,2682166.08169635,1970
1621121520000,2021-05-15 23:32:00,BTC/USDT,47323.64000000,47372.27000000,47280.00000000,47290.50000000,48.54517700,2296751.75629638,1480
1621121460000,2021-05-15 23:31:00,BTC/USDT,47458.01000000,47469.52000000,47295.30000000,47326.95000000,38.43427300,1819382.35923551,1709
1621121400000,2021-05-15 23:30:00,BTC/USDT,47436.69000000,47536.12000000,47432.34000000,47459.47000000,36.45317600,1731053.42340830,1517
1621121340000,2021-05-15 23:29:00,BTC/USDT,47365.01000000,47437.51000000,47334.66000000,47436.68000000,36.87002100,1747606.53755789,1255
1621121280000,2021-05-15 23:28:00,BTC/USDT,47403.09000000,47487.42000000,47346.75000000,47365.01000000,42.87707500,2032637.64452399,1726
1621121220000,2021-05-15 23:27:00,BTC/USDT,47400.01000000,47423.63000000,47303.04000000,47405.95000000,62.51948300,2960661.12167690,2296
1621121160000,2021-05-15 23:26:00,BTC/USDT,47473.91000000,47535.07000000,47400.00000000,47400.01000000,42.58627200,2021156.26249112,1310
1621121100000,2021-05-15 23:25:00,BTC/USDT,47540.48000000,47540.48000000,47399.12000000,47472.00000000,65.76033100,3119438.90200647,2213
1621121040000,2021-05-15 23:24:00,BTC/USDT,47533.99000000,47562.76000000,47480.18000000,47540.48000000,28.67163200,1362633.72764191,1191
1621120980000,2021-05-15 23:23:00,BTC/USDT,47489.78000000,47550.00000000,47488.81000000,47527.32000000,43.39653600,2062388.08980080,1238
1621120920000,2021-05-15 23:22:00,BTC/USDT,47592.10000000,47650.25000000,47473.05000000,47493.51000000,44.97030800,2139039.45150946,1420
1621120860000,2021-05-15 23:21:00,BTC/USDT,47539.24000000,47631.59000000,47476.02000000,47590.53000000,83.85164100,3985233.82799671,1978
1621120800000,2021-05-15 23:20:00,BTC/USDT,47523.79000000,47596.17000000,47516.50000000,47541.50000000,70.73968200,3364584.56115859,1350
1621120740000,2021-05-15 23:19:00,BTC/USDT,47646.97000000,47683.59000000,47505.00000000,47523.63000000,145.98673300,6947190.95947702,2057
1621120680000,2021-05-15 23:18:00,BTC/USDT,47655.50000000,47768.81000000,47611.49000000,47646.96000000,56.96123400,2715801.47361102,1461
1621120620000,2021-05-15 23:17:00,BTC/USDT,47707.80000000,47747.43000000,47578.55000000,47655.35000000,45.61770000,2174404.73856125,1408
1621120560000,2021-05-15 23:16:00,BTC/USDT,47756.02000000,47835.99000000,47703.51000000,47707.81000000,45.07433800,2153454.13986673,1467
1621120500000,2021-05-15 23:15:00,BTC/USDT,47666.63000000,47762.18000000,47585.24000000,47756.09000000,50.31954700,2398726.50771155,1594
1621120440000,2021-05-15 23:14:00,BTC/USDT,47661.81000000,47736.51000000,47646.14000000,47666.62000000,30.46112500,1452576.28937890,1005
1621120380000,2021-05-15 23:13:00,BTC/USDT,47657.11000000,47743.93000000,47648.17000000,47655.28000000,39.29912100,1874214.12594183,1074
1621120320000,2021-05-15 23:12:00,BTC/USDT,47695.08000000,47731.93000000,47632.39000000,47659.80000000,64.95210200,3096891.62582754,1357
1621120260000,2021-05-15 23:11:00,BTC/USDT,47669.93000000,47710.83000000,47586.95000000,47695.08000000,36.36746200,1732254.24232081,1411
1621120200000,2021-05-15 23:10:00,BTC/USDT,47691.99000000,47740.00000000,47654.22000000,47669.59000000,46.43873200,2215367.65298448,1459
1621120140000,2021-05-15 23:09:00,BTC/USDT,47636.96000000,47700.00000000,47555.00000000,47692.00000000,69.96360700,3330603.64087873,2075
1621120080000,2021-05-15 23:08:00,BTC/USDT,47714.29000000,47740.00000000,47621.51000000,47636.95000000,61.70699300,2942700.10912674,1573
1621120020000,2021-05-15 23:07:00,BTC/USDT,47693.24000000,47868.98000000,47668.92000000,47714.29000000,69.75484700,3332076.81231642,1978
1621119960000,2021-05-15 23:06:00,BTC/USDT,47666.73000000,47728.36000000,47605.43000000,47689.85000000,44.15625500,2104744.39465963,1759
1621119900000,2021-05-15 23:05:00,BTC/USDT,47750.27000000,47754.61000000,47595.30000000,47666.73000000,111.65037100,5320151.53296598,2520
1621119840000,2021-05-15 23:04:00,BTC/USDT,47766.08000000,47848.68000000,47721.01000000,47750.28000000,146.99114100,7024537.99667508,1650
1621119780000,2021-05-15 23:03:00,BTC/USDT,47823.30000000,47899.01000000,47752.22000000,47766.09000000,47.72052300,2281654.68009198,1487
1621119720000,2021-05-15 23:02:00,BTC/USDT,47779.30000000,47833.39000000,47774.70000000,47828.35000000,48.70473700,2328183.85217901,1395
1621119660000,2021-05-15 23:01:00,BTC/USDT,47917.94000000,47931.97000000,47766.78000000,47779.30000000,65.99220900,3158064.75625964,1961
1621119600000,2021-05-15 23:00:00,BTC/USDT,47971.98000000,48049.93000000,47876.05000000,47917.10000000,66.59479700,3193760.26563593,1656
1621119540000,2021-05-15 22:59:00,BTC/USDT,47936.99000000,48048.70000000,47922.10000000,47964.69000000,30.93055100,1484186.89095753,1058
1621119480000,2021-05-15 22:58:00,BTC/USDT,47934.50000000,48026.05000000,47907.47000000,47936.99000000,36.68549800,1759695.78861419,1251
1621119420000,2021-05-15 22:57:00,BTC/USDT,48118.73000000,48118.73000000,47932.38000000,47934.49000000,50.99376300,2448408.17499004,1559
1621119360000,2021-05-15 22:56:00,BTC/USDT,48083.09000000,48215.05000000,48051.99000000,48122.87000000,45.12589700,2172504.78985085,1489
1621119300000,2021-05-15 22:55:00,BTC/USDT,48069.96000000,48094.97000000,47999.90000000,48083.09000000,27.56213400,1323967.71244252,1099
1621119240000,2021-05-15 22:54:00,BTC/USDT,48173.36000000,48175.75000000,48030.62000000,48071.70000000,37.83923700,1820061.96025586,1246
1621119180000,2021-05-15 22:53:00,BTC/USDT,48280.63000000,48284.49000000,48167.34000000,48173.36000000,38.95013800,1878051.29384385,1034
1621119120000,2021-05-15 22:52:00,BTC/USDT,48221.78000000,48311.66000000,48204.32000000,48280.63000000,36.05168300,1740375.93530070,1109
1621119060000,2021-05-15 22:51:00,BTC/USDT,48244.07000000,48297.14000000,48205.17000000,48221.80000000,53.23984200,2568964.61884841,1312
1621119000000,2021-05-15 22:50:00,BTC/USDT,48134.25000000,48244.48000000,48134.25000000,48244.07000000,62.62872000,3017880.69047785,1302
1621118940000,2021-05-15 22:49:00,BTC/USDT,48082.62000000,48134.49000000,48079.51000000,48125.15000000,19.28581100,927686.77579860,830
1621118880000,2021-05-15 22:48:00,BTC/USDT,48073.61000000,48104.35000000,48041.68000000,48082.41000000,40.56866100,1950334.54261198,1158
1621118820000,2021-05-15 22:47:00,BTC/USDT,48047.59000000,48126.17000000,48011.71000000,48072.75000000,30.26111300,1455003.97188595,1119
1621118760000,2021-05-15 22:46:00,BTC/USDT,47982.63000000,48069.61000000,47917.68000000,48050.01000000,69.90415200,3357405.79543945,1367
1621118700000,2021-05-15 22:45:00,BTC/USDT,47877.88000000,48033.60000000,47877.87000000,47978.01000000,77.92894000,3740348.41517065,1837
1621118640000,2021-05-15 22:44:00,BTC/USDT,47837.68000000,47942.17000000,47826.63000000,47877.88000000,27.30208200,1307348.05089876,1184
1621118580000,2021-05-15 22:43:00,BTC/USDT,47808.72000000,47848.20000000,47733.00000000,47837.68000000,95.47451900,4561370.49792925,1967
1621118520000,2021-05-15 22:42:00,BTC/USDT,47860.29000000,47942.69000000,47794.80000000,47808.73000000,76.71557900,3673024.96969016,1663
1621118460000,2021-05-15 22:41:00,BTC/USDT,47817.15000000,47975.22000000,47802.69000000,47860.30000000,72.12043700,3453329.26836990,1790
1621118400000,2021-05-15 22:40:00,BTC/USDT,47938.76000000,47950.00000000,47802.69000000,47816.84000000,75.41692100,3608646.54490836,2172
1621118340000,2021-05-15 22:39:00,BTC/USDT,48036.76000000,48036.77000000,47856.66000000,47938.76000000,110.44107100,5293119.79715052,2498
1621118280000,2021-05-15 22:38:00,BTC/USDT,47980.04000000,48079.73000000,47973.65000000,48040.99000000,59.44408900,2855361.94486789,1890
1621118220000,2021-05-15 22:37:00,BTC/USDT,48037.01000000,48080.49000000,47902.03000000,47977.88000000,150.95313500,7244825.23129411,4433
1621118160000,2021-05-15 22:36:00,BTC/USDT,48215.56000000,48226.14000000,48028.35000000,48037.01000000,121.22443800,5834342.97316125,4152
1621118100000,2021-05-15 22:35:00,BTC/USDT,48322.99000000,48336.00000000,48215.76000000,48215.77000000,46.93669600,2266250.41113257,1461
1621118040000,2021-05-15 22:34:00,BTC/USDT,48482.27000000,48482.28000000,48300.00000000,48323.00000000,97.24942300,4707307.75154041,1310
1621117980000,2021-05-15 22:33:00,BTC/USDT,48419.71000000,48482.28000000,48417.11000000,48482.27000000,58.64330300,2839895.85816105,1165
1621117920000,2021-05-15 22:32:00,BTC/USDT,48423.82000000,48427.86000000,48417.11000000,48419.71000000,32.16944700,1557601.94917600,945
1621117860000,2021-05-15 22:31:00,BTC/USDT,48417.11000000,48432.49000000,48417.11000000,48424.42000000,22.02342900,1066369.51314906,730
1621117800000,2021-05-15 22:30:00,BTC/USDT,48417.93000000,48429.85000000,48417.11000000,48417.12000000,20.78541900,1006404.29414856,889
1621117740000,2021-05-15 22:29:00,BTC/USDT,48479.01000000,48479.01000000,48417.11000000,48417.93000000,34.62093800,1676521.54769809,913
1621117680000,2021-05-15 22:28:00,BTC/USDT,48437.35000000,48493.85000000,48417.11000000,48479.01000000,43.69777700,2116201.73837490,1052
1621117620000,2021-05-15 22:27:00,BTC/USDT,48537.44000000,48537.44000000,48420.03000000,48437.35000000,47.92524700,2322124.56751676,1210
1621117560000,2021-05-15 22:26:00,BTC/USDT,48513.68000000,48580.00000000,48507.21000000,48537.44000000,17.44022300,846572.70819266,807
1621117500000,2021-05-15 22:25:00,BTC/USDT,48460.12000000,48531.03000000,48435.03000000,48513.03000000,26.83169100,1300751.56964538,1079
1621117440000,2021-05-15 22:24:00,BTC/USDT,48482.59000000,48487.56000000,48433.80000000,48460.13000000,35.85635500,1737639.04373326,979
1621117380000,2021-05-15 22:23:00,BTC/USDT,48523.80000000,48552.49000000,48481.01000000,48482.60000000,17.86752600,866878.60043261,881
1621117320000,2021-05-15 22:22:00,BTC/USDT,48510.69000000,48546.11000000,48475.11000000,48523.80000000,23.38290100,1134255.31786664,1003
1621117260000,2021-05-15 22:21:00,BTC/USDT,48528.22000000,48543.73000000,48509.07000000,48512.15000000,22.27060700,1080678.83169585,934
1621117200000,2021-05-15 22:20:00,BTC/USDT,48574.51000000,48616.74000000,48522.58000000,48528.05000000,31.75769900,1542172.90265730,1220
1621117140000,2021-05-15 22:19:00,BTC/USDT,48625.38000000,48634.13000000,48556.80000000,48574.50000000,38.74104000,1882838.61365122,1001
1621117080000,2021-05-15 22:18:00,BTC/USDT,48598.23000000,48628.62000000,48567.21000000,48626.17000000,47.61841100,2314583.17854037,1050
1621117020000,2021-05-15 22:17:00,BTC/USDT,48609.33000000,48652.27000000,48588.53000000,48598.24000000,27.15391900,1320305.76509441,968
1621116960000,2021-05-15 22:16:00,BTC/USDT,48671.30000000,48688.83000000,48608.82000000,48609.33000000,37.13796100,1806911.30746310,1146
1621116900000,2021-05-15 22:15:00,BTC/USDT,48554.18000000,48680.00000000,48551.16000000,48671.30000000,86.96903000,4228615.03046897,1867
1621116840000,2021-05-15 22:14:00,BTC/USDT,48477.46000000,48580.12000000,48475.02000000,48554.18000000,67.05859400,3254360.58562884,1271
1621116780000,2021-05-15 22:13:00,BTC/USDT,48492.47000000,48509.39000000,48468.16000000,48477.46000000,41.76533300,2024946.60550398,974
1621116720000,2021-05-15 22:12:00,BTC/USDT,48511.14000000,48520.53000000,48480.13000000,48492.47000000,23.28689600,1129453.57557294,878
1621116660000,2021-05-15 22:11:00,BTC/USDT,48474.55000000,48528.73000000,48471.14000000,48517.69000000,28.76286800,1394841.91820343,925
1621116600000,2021-05-15 22:10:00,BTC/USDT,48420.72000000,48497.50000000,48417.11000000,48474.09000000,109.40699300,5300144.67290650,1841
1621116540000,2021-05-15 22:09:00,BTC/USDT,48417.12000000,48473.47000000,48417.11000000,48420.73000000,25.71614800,1245469.53985127,936
1621116480000,2021-05-15 22:08:00,BTC/USDT,48429.64000000,48451.99000000,48417.11000000,48417.13000000,62.36029400,3019664.65634687,1297
1621116420000,2021-05-15 22:07:00,BTC/USDT,48437.13000000,48490.00000000,48384.06000000,48429.64000000,101.02654900,4894266.84768269,1739
1621116360000,2021-05-15 22:06:00,BTC/USDT,48320.64000000,48484.49000000,48320.63000000,48437.13000000,42.51437300,2058342.69612029,1569
1621116300000,2021-05-15 22:05:00,BTC/USDT,48378.86000000,48378.86000000,48310.89000000,48320.64000000,28.30563000,1368668.45239636,1188
1621116240000,2021-05-15 22:04:00,BTC/USDT,48454.97000000,48456.95000000,48378.85000000,48380.19000000,34.39788000,1665379.96510706,1093
1621116180000,2021-05-15 22:03:00,BTC/USDT,48506.04000000,48506.04000000,48448.00000000,48454.97000000,21.73233400,1053560.51749089,871
1621116120000,2021-05-15 22:02:00,BTC/USDT,48439.11000000,48523.38000000,48435.98000000,48506.05000000,19.26392400,933994.43163027,1124
1621116060000,2021-05-15 22:01:00,BTC/USDT,48441.30000000,48477.75000000,48426.43000000,48439.11000000,18.01578400,872902.47494260,869
1621116000000,2021-05-15 22:00:00,BTC/USDT,48419.74000000,48466.78000000,48401.00000000,48441.30000000,31.28279200,1515087.35387761,1136
1621115940000,2021-05-15 21:59:00,BTC/USDT,48424.87000000,48467.90000000,48400.60000000,48419.76000000,20.31313900,983697.15014056,848
1621115880000,2021-05-15 21:58:00,BTC/USDT,48484.67000000,48484.68000000,48400.04000000,48424.87000000,19.46418000,942777.93280646,913
1621115820000,2021-05-15 21:57:00,BTC/USDT,48490.89000000,48492.72000000,48403.21000000,48484.67000000,19.37882000,938806.38365656,987
1621115760000,2021-05-15 21:56:00,BTC/USDT,48456.30000000,48502.02000000,48453.89000000,48490.88000000,25.12918400,1218394.20219635,1046
1621115700000,2021-05-15 21:55:00,BTC/USDT,48505.39000000,48546.24000000,48460.07000000,48460.07000000,28.28935800,1372685.77634751,1192
1621115640000,2021-05-15 21:54:00,BTC/USDT,48527.46000000,48527.47000000,48447.42000000,48505.39000000,28.00782200,1358238.72172791,1206
1621115580000,2021-05-15 21:53:00,BTC/USDT,48574.32000000,48623.60000000,48473.92000000,48527.46000000,39.04133700,1895806.95288274,1633
1621115520000,2021-05-15 21:52:00,BTC/USDT,48493.76000000,48574.33000000,48485.00000000,48574.33000000,37.93458400,1841164.73689226,1397
1621115460000,2021-05-15 21:51:00,BTC/USDT,48452.05000000,48500.00000000,48443.25000000,48493.76000000,20.13508200,975774.58908727,798
1621115400000,2021-05-15 21:50:00,BTC/USDT,48424.65000000,48494.32000000,48407.56000000,48452.05000000,20.47742500,992191.67175546,1105
1621115340000,2021-05-15 21:49:00,BTC/USDT,48370.73000000,48496.28000000,48370.73000000,48411.80000000,47.64989000,2306992.25508514,1384
1621115280000,2021-05-15 21:48:00,BTC/USDT,48444.97000000,48449.96000000,48361.61000000,48370.73000000,27.87653500,1349339.36576869,1238
1621115220000,2021-05-15 21:47:00,BTC/USDT,48500.00000000,48500.01000000,48439.49000000,48444.97000000,57.66321200,2795242.21116670,1271
1621115160000,2021-05-15 21:46:00,BTC/USDT,48471.31000000,48574.38000000,48470.94000000,48500.01000000,27.39638600,1329132.86273762,1034
1621115100000,2021-05-15 21:45:00,BTC/USDT,48540.08000000,48540.08000000,48471.31000000,48471.32000000,29.96056400,1453566.30157300,1308
1621115040000,2021-05-15 21:44:00,BTC/USDT,48564.05000000,48610.55000000,48474.21000000,48540.07000000,53.09959200,2577031.67711408,1679
1621114980000,2021-05-15 21:43:00,BTC/USDT,48729.01000000,48738.75000000,48564.05000000,48569.88000000,55.74921100,2712959.03287146,2388
1621114920000,2021-05-15 21:42:00,BTC/USDT,48445.00000000,48729.11000000,48431.72000000,48729.00000000,104.61053400,5081158.42341063,2944
1621114860000,2021-05-15 21:41:00,BTC/USDT,48439.17000000,48450.00000000,48433.43000000,48445.00000000,43.37768700,2101538.12468378,868
1621114800000,2021-05-15 21:40:00,BTC/USDT,48420.01000000,48444.99000000,48413.02000000,48439.33000000,15.22929700,737667.93234705,779
1621114740000,2021-05-15 21:39:00,BTC/USDT,48449.92000000,48449.93000000,48420.00000000,48420.00000000,14.70387400,712207.06399112,753
1621114680000,2021-05-15 21:38:00,BTC/USDT,48449.96000000,48450.00000000,48449.92000000,48449.93000000,16.09679200,779889.15606094,581
1621114620000,2021-05-15 21:37:00,BTC/USDT,48445.02000000,48450.00000000,48445.02000000,48449.95000000,18.18802100,881202.66502369,718
1621114560000,2021-05-15 21:36:00,BTC/USDT,48434.34000000,48450.00000000,48434.33000000,48445.02000000,26.66648300,1291837.83722657,1118
1621114500000,2021-05-15 21:35:00,BTC/USDT,48420.21000000,48434.45000000,48420.15000000,48434.34000000,13.79588500,668102.92549245,764
1621114440000,2021-05-15 21:34:00,BTC/USDT,48432.17000000,48432.37000000,48411.01000000,48420.20000000,18.25345900,883936.48272355,885
1621114380000,2021-05-15 21:33:00,BTC/USDT,48394.35000000,48435.11000000,48382.29000000,48432.16000000,19.63345600,950614.41942068,1079
1621114320000,2021-05-15 21:32:00,BTC/USDT,48292.82000000,48424.63000000,48285.58000000,48394.34000000,23.35292000,1129815.91786130,1506
1621114260000,2021-05-15 21:31:00,BTC/USDT,48336.46000000,48342.50000000,48285.58000000,48292.82000000,19.55485300,944769.09081474,1275
1621114200000,2021-05-15 21:30:00,BTC/USDT,48422.40000000,48429.98000000,48336.29000000,48342.76000000,30.03603900,1453525.04993837,1702
1621114140000,2021-05-15 21:29:00,BTC/USDT,48397.41000000,48428.94000000,48386.11000000,48422.18000000,23.31579600,1128656.27409665,1034
1621114080000,2021-05-15 21:28:00,BTC/USDT,48322.96000000,48399.06000000,48319.62000000,48397.41000000,17.31063600,837100.21090189,1041
1621114020000,2021-05-15 21:27:00,BTC/USDT,48379.10000000,48422.32000000,48313.05000000,48322.97000000,18.15491600,878199.13432151,1075
1621113960000,2021-05-15 21:26:00,BTC/USDT,48468.87000000,48468.87000000,48376.95000000,48379.12000000,17.95866100,869594.98519545,1013
1621113900000,2021-05-15 21:25:00,BTC/USDT,48400.14000000,48498.86000000,48399.11000000,48473.36000000,53.43669300,2589704.16199896,2057
1621113840000,2021-05-15 21:24:00,BTC/USDT,48280.27000000,48402.71000000,48271.50000000,48400.16000000,20.91941900,1011253.83947065,1490
1621113780000,2021-05-15 21:23:00,BTC/USDT,48325.67000000,48325.67000000,48275.97000000,48280.27000000,18.66443700,901549.42950549,1350
1621113720000,2021-05-15 21:22:00,BTC/USDT,48336.74000000,48346.14000000,48318.86000000,48325.66000000,11.64340200,562737.28673653,790
1621113660000,2021-05-15 21:21:00,BTC/USDT,48368.11000000,48375.99000000,48325.83000000,48334.70000000,14.42434600,697418.98674283,874
1621113600000,2021-05-15 21:20:00,BTC/USDT,48320.05000000,48377.66000000,48310.01000000,48370.15000000,20.37361000,984963.30403425,1178
1621113540000,2021-05-15 21:19:00,BTC/USDT,48336.00000000,48339.02000000,48284.41000000,48318.94000000,17.10993000,826602.64408917,801
1621113480000,2021-05-15 21:18:00,BTC/USDT,48369.82000000,48374.35000000,48317.86000000,48335.17000000,21.27421400,1028467.80790865,1041
1621113420000,2021-05-15 21:17:00,BTC/USDT,48318.65000000,48391.97000000,48291.00000000,48371.82000000,28.90002700,1396904.92064792,1521
1621113360000,2021-05-15 21:16:00,BTC/USDT,48330.81000000,48350.36000000,48299.83000000,48318.65000000,19.84443700,958793.23857285,945
1621113300000,2021-05-15 21:15:00,BTC/USDT,48368.66000000,48383.34000000,48250.00000000,48330.81000000,67.46796800,3260577.08734550,1636
1621113240000,2021-05-15 21:14:00,BTC/USDT,48352.09000000,48376.35000000,48337.48000000,48368.66000000,32.57636300,1575202.52415788,1051
1621113180000,2021-05-15 21:13:00,BTC/USDT,48405.14000000,48425.19000000,48350.00000000,48352.09000000,60.79761300,2941091.38848416,1159
1621113120000,2021-05-15 21:12:00,BTC/USDT,48417.29000000,48449.99000000,48380.93000000,48405.59000000,18.49700700,895502.30143183,787
1621113060000,2021-05-15 21:11:00,BTC/USDT,48394.99000000,48479.75000000,48390.93000000,48417.29000000,21.88395800,1060005.75489987,932
1621113000000,2021-05-15 21:10:00,BTC/USDT,48449.05000000,48460.00000000,48389.95000000,48395.05000000,15.24430600,738278.39449193,912
1621112940000,2021-05-15 21:09:00,BTC/USDT,48406.02000000,48486.52000000,48389.31000000,48447.09000000,17.58407900,851742.02494400,844
1621112880000,2021-05-15 21:08:00,BTC/USDT,48445.33000000,48451.54000000,48388.01000000,48406.02000000,21.47579600,1039983.95766258,799
1621112820000,2021-05-15 21:07:00,BTC/USDT,48344.64000000,48454.58000000,48344.64000000,48441.42000000,23.66705400,1145209.79760708,940
1621112760000,2021-05-15 21:06:00,BTC/USDT,48422.55000000,48432.50000000,48343.59000000,48346.70000000,14.52431200,702886.56228998,1147
1621112700000,2021-05-15 21:05:00,BTC/USDT,48431.80000000,48475.58000000,48361.07000000,48424.28000000,25.70744000,1244963.63851995,1350
1621112640000,2021-05-15 21:04:00,BTC/USDT,48581.12000000,48615.14000000,48431.80000000,48431.80000000,47.36799500,2299396.13098283,1641
1621112580000,2021-05-15 21:03:00,BTC/USDT,48426.23000000,48600.00000000,48402.45000000,48581.12000000,53.09885100,2575772.35224186,1902
1621112520000,2021-05-15 21:02:00,BTC/USDT,48324.87000000,48449.07000000,48324.86000000,48422.81000000,47.94709800,2320910.19608560,1295
1621112460000,2021-05-15 21:01:00,BTC/USDT,48302.32000000,48331.00000000,48272.69000000,48324.87000000,37.45404800,1809338.27655802,881
1621112400000,2021-05-15 21:00:00,BTC/USDT,48219.41000000,48339.89000000,48209.01000000,48306.70000000,45.64280800,2203727.21171643,1480
1621112340000,2021-05-15 20:59:00,BTC/USDT,48221.00000000,48239.53000000,48178.34000000,48219.31000000,19.77954800,953570.47287056,864
1621112280000,2021-05-15 20:58:00,BTC/USDT,48223.96000000,48265.50000000,48193.79000000,48221.01000000,25.12173700,1211725.84649865,1024
1621112220000,2021-05-15 20:57:00,BTC/USDT,48130.07000000,48233.00000000,48090.25000000,48223.96000000,37.97613100,1828033.23224784,1329
1621112160000,2021-05-15 20:56:00,BTC/USDT,48169.74000000,48211.45000000,48100.73000000,48130.07000000,60.30116500,2903037.77436679,1758
1621112100000,2021-05-15 20:55:00,BTC/USDT,48277.67000000,48279.29000000,48150.04000000,48169.74000000,49.95529300,2408869.71840552,1447
1621112040000,2021-05-15 20:54:00,BTC/USDT,48260.93000000,48304.96000000,48237.29000000,48277.67000000,48.54386200,2343121.55206859,970
1621111980000,2021-05-15 20:53:00,BTC/USDT,48303.16000000,48326.65000000,48260.93000000,48260.93000000,28.37086400,1370440.87824700,789
1621111920000,2021-05-15 20:52:00,BTC/USDT,48338.65000000,48368.82000000,48302.09000000,48303.16000000,31.25952200,1511209.25027713,1004
1621111860000,2021-05-15 20:51:00,BTC/USDT,48321.18000000,48368.90000000,48311.41000000,48338.65000000,33.21873800,1605796.28148793,1053
1621111800000,2021-05-15 20:50:00,BTC/USDT,48307.04000000,48417.17000000,48300.61000000,48321.18000000,41.59266300,2012017.40251689,1444
1621111740000,2021-05-15 20:49:00,BTC/USDT,48334.02000000,48346.48000000,48300.56000000,48307.04000000,18.57100500,897477.28262879,707
1621111680000,2021-05-15 20:48:00,BTC/USDT,48282.63000000,48346.24000000,48282.63000000,48334.01000000,31.77089300,1535133.97251905,1123
1621111620000,2021-05-15 20:47:00,BTC/USDT,48368.38000000,48371.94000000,48253.04000000,48282.63000000,43.17963600,2085958.86418958,1294
1621111560000,2021-05-15 20:46:00,BTC/USDT,48392.36000000,48404.91000000,48355.75000000,48368.37000000,25.96476200,1256108.32604408,989
1621111500000,2021-05-15 20:45:00,BTC/USDT,48316.13000000,48425.15000000,48316.13000000,48392.36000000,39.50888900,1911028.35306350,1116
1621111440000,2021-05-15 20:44:00,BTC/USDT,48385.45000000,48385.46000000,48305.19000000,48316.13000000,30.30201500,1465181.41105547,868
1621111380000,2021-05-15 20:43:00,BTC/USDT,48339.81000000,48395.46000000,48339.81000000,48385.46000000,37.60063600,1818479.26178077,1196
1621111320000,2021-05-15 20:42:00,BTC/USDT,48366.69000000,48379.53000000,48330.01000000,48339.81000000,30.67657800,1483181.37094589,1066
1621111260000,2021-05-15 20:41:00,BTC/USDT,48322.69000000,48366.76000000,48300.90000000,48366.69000000,38.18214700,1845362.59759317,1227
1621111200000,2021-05-15 20:40:00,BTC/USDT,48391.87000000,48399.99000000,48322.69000000,48322.70000000,28.27157700,1367548.73994437,1034
1621111140000,2021-05-15 20:39:00,BTC/USDT,48337.32000000,48419.84000000,48336.36000000,48391.86000000,42.18415400,2040789.81551418,1145
1621111080000,2021-05-15 20:38:00,BTC/USDT,48409.99000000,48410.00000000,48317.28000000,48337.33000000,54.09366000,2616008.99528392,1515
1621111020000,2021-05-15 20:37:00,BTC/USDT,48416.75000000,48450.05000000,48397.16000000,48409.99000000,36.40352300,1762595.32241890,1023
1621110960000,2021-05-15 20:36:00,BTC/USDT,48411.00000000,48464.67000000,48407.20000000,48416.75000000,32.33100800,1566024.03365778,1078
1621110900000,2021-05-15 20:35:00,BTC/USDT,48450.00000000,48456.24000000,48407.57000000,48411.00000000,27.60271000,1336773.48204937,916
1621110840000,2021-05-15 20:34:00,BTC/USDT,48410.65000000,48477.61000000,48410.65000000,48450.00000000,28.05391000,1358890.82164849,1005
1621110780000,2021-05-15 20:33:00,BTC/USDT,48368.73000000,48454.93000000,48368.73000000,48408.33000000,32.28868000,1563287.33056947,1004
1621110720000,2021-05-15 20:32:00,BTC/USDT,48384.12000000,48433.94000000,48365.94000000,48368.72000000,32.77272100,1586207.37033550,1110
1621110660000,2021-05-15 20:31:00,BTC/USDT,48374.74000000,48455.89000000,48374.73000000,48384.11000000,39.33130300,1904170.41998123,1303
1621110600000,2021-05-15 20:30:00,BTC/USDT,48442.06000000,48478.78000000,48339.97000000,48374.74000000,47.23386400,2287837.17563110,1312
1621110540000,2021-05-15 20:29:00,BTC/USDT,48441.39000000,48455.00000000,48346.93000000,48442.06000000,40.13380700,1942584.77142447,1530
1621110480000,2021-05-15 20:28:00,BTC/USDT,48607.44000000,48611.65000000,48405.08000000,48444.71000000,87.12527400,4230140.84875543,2291
1621110420000,2021-05-15 20:27:00,BTC/USDT,48396.57000000,48655.00000000,48386.37000000,48607.44000000,155.23673000,7527640.60811134,2838
1621110360000,2021-05-15 20:26:00,BTC/USDT,48348.18000000,48410.00000000,48346.09000000,48396.58000000,45.90116200,2220292.72935065,1089
1621110300000,2021-05-15 20:25:00,BTC/USDT,48294.01000000,48390.97000000,48240.62000000,48340.38000000,98.38326400,4757357.11776342,1674
1621110240000,2021-05-15 20:24:00,BTC/USDT,48217.52000000,48308.46000000,48179.14000000,48292.64000000,56.67797700,2733754.26843657,1495
1621110180000,2021-05-15 20:23:00,BTC/USDT,48195.09000000,48250.00000000,48194.71000000,48217.51000000,38.70754700,1866635.96922275,987
1621110120000,2021-05-15 20:22:00,BTC/USDT,48218.57000000,48225.99000000,48156.53000000,48193.20000000,27.39049700,1319821.77696697,839
1621110060000,2021-05-15 20:21:00,BTC/USDT,48177.01000000,48222.38000000,48169.15000000,48219.25000000,30.41547600,1465669.23866576,968
1621110000000,2021-05-15 20:20:00,BTC/USDT,48226.00000000,48249.26000000,48177.00000000,48177.01000000,45.01637100,2170538.17904498,1156
1621109940000,2021-05-15 20:19:00,BTC/USDT,48159.43000000,48253.78000000,48119.00000000,48225.97000000,50.71183500,2443696.84112418,1566
1621109880000,2021-05-15 20:18:00,BTC/USDT,48237.51000000,48264.04000000,48127.51000000,48159.43000000,65.61800900,3163039.87120061,1691
1621109820000,2021-05-15 20:17:00,BTC/USDT,48265.97000000,48340.78000000,48222.21000000,48237.50000000,33.71425300,1627975.03561562,1310
1621109760000,2021-05-15 20:16:00,BTC/USDT,48322.67000000,48352.65000000,48220.98000000,48265.97000000,79.92619300,3859008.83426131,1795
1621109700000,2021-05-15 20:15:00,BTC/USDT,48348.66000000,48399.13000000,48318.95000000,48330.67000000,41.11542000,1988691.31796499,1286
1621109640000,2021-05-15 20:14:00,BTC/USDT,48390.00000000,48418.97000000,48319.44000000,48348.66000000,95.17120200,4601775.57075359,1222
1621109580000,2021-05-15 20:13:00,BTC/USDT,48407.43000000,48440.00000000,48371.07000000,48389.99000000,54.18929800,2623245.04763278,1130
1621109520000,2021-05-15 20:12:00,BTC/USDT,48405.55000000,48420.41000000,48325.00000000,48407.43000000,41.55506300,2009979.27907888,1357
1621109460000,2021-05-15 20:11:00,BTC/USDT,48422.29000000,48461.73000000,48405.56000000,48405.56000000,39.15242500,1896363.61145490,1253
1621109400000,2021-05-15 20:10:00,BTC/USDT,48364.48000000,48444.29000000,48350.04000000,48422.29000000,46.72987200,2261976.08120365,1314
1621109340000,2021-05-15 20:09:00,BTC/USDT,48441.18000000,48461.26000000,48354.68000000,48367.66000000,44.13897900,2136913.47574509,1313
1621109280000,2021-05-15 20:08:00,BTC/USDT,48451.59000000,48467.77000000,48380.70000000,48441.19000000,47.88189100,2318873.41829423,1513
1621109220000,2021-05-15 20:07:00,BTC/USDT,48433.91000000,48506.53000000,48417.81000000,48451.59000000,83.80878700,4061964.03950362,2114
1621109160000,2021-05-15 20:06:00,BTC/USDT,48371.63000000,48482.06000000,48371.63000000,48437.84000000,115.70139400,5603503.33496482,2500
1621109100000,2021-05-15 20:05:00,BTC/USDT,48274.89000000,48424.88000000,48232.87000000,48375.81000000,61.28566400,2961170.04223589,1756
1621109040000,2021-05-15 20:04:00,BTC/USDT,48312.21000000,48351.29000000,48220.61000000,48274.88000000,70.98314900,3427277.45489061,1698
1621108980000,2021-05-15 20:03:00,BTC/USDT,48315.10000000,48407.41000000,48220.00000000,48312.21000000,126.77324800,6121497.90586294,2192
1621108920000,2021-05-15 20:02:00,BTC/USDT,48240.59000000,48351.90000000,48230.22000000,48321.70000000,78.49062100,3790930.31194668,2396
1621108860000,2021-05-15 20:01:00,BTC/USDT,48103.92000000,48294.10000000,48090.31000000,48240.93000000,97.78565400,4713761.32670414,2636
1621108800000,2021-05-15 20:00:00,BTC/USDT,48108.40000000,48199.99000000,48037.25000000,48103.92000000,143.31233900,6898108.83474416,3291
1621108740000,2021-05-15 19:59:00,BTC/USDT,47780.09000000,48108.61000000,47780.08000000,48108.40000000,238.37446300,11437637.12602597,4173
1621108680000,2021-05-15 19:58:00,BTC/USDT,47760.03000000,47800.00000000,47749.66000000,47780.09000000,29.26811800,1398360.57547997,908
1621108620000,2021-05-15 19:57:00,BTC/USDT,47743.33000000,47785.63000000,47707.67000000,47761.22000000,25.90656900,1236616.98953644,879
1621108560000,2021-05-15 19:56:00,BTC/USDT,47717.26000000,47788.53000000,47631.62000000,47740.95000000,117.02136500,5585257.42136208,1590
1621108500000,2021-05-15 19:55:00,BTC/USDT,47712.66000000,47750.69000000,47629.04000000,47717.26000000,68.61011900,3271412.12619015,1695
1621108440000,2021-05-15 19:54:00,BTC/USDT,47768.60000000,47775.22000000,47700.98000000,47712.65000000,47.41807800,2263337.89104930,1473
1621108380000,2021-05-15 19:53:00,BTC/USDT,47752.89000000,47800.00000000,47707.23000000,47768.61000000,34.50630800,1647586.03077006,1197
1621108320000,2021-05-15 19:52:00,BTC/USDT,47801.49000000,47818.84000000,47730.35000000,47752.89000000,48.58472700,2320920.12820295,2453
1621108260000,2021-05-15 19:51:00,BTC/USDT,47734.56000000,47844.35000000,47733.59000000,47795.00000000,68.95727000,3295458.24724113,1522
1621108200000,2021-05-15 19:50:00,BTC/USDT,47694.68000000,47799.14000000,47689.54000000,47734.57000000,38.03620500,1815925.93572304,1283
1621108140000,2021-05-15 19:49:00,BTC/USDT,47768.77000000,47828.78000000,47676.79000000,47692.22000000,50.22306100,2397631.52649909,1618
1621108080000,2021-05-15 19:48:00,BTC/USDT,47844.35000000,47849.26000000,47746.65000000,47768.77000000,47.74941900,2282280.99582715,1537
1621108020000,2021-05-15 19:47:00,BTC/USDT,47814.82000000,47850.00000000,47700.30000000,47844.36000000,96.24774200,4599546.07678642,1935
1621107960000,2021-05-15 19:46:00,BTC/USDT,47770.57000000,47888.55000000,47755.57000000,47814.82000000,206.96559400,9896407.83167758,2800
1621107900000,2021-05-15 19:45:00,BTC/USDT,47595.14000000,47794.16000000,47575.67000000,47770.57000000,173.68120200,8285649.11959433,2862
1621107840000,2021-05-15 19:44:00,BTC/USDT,47471.84000000,47610.42000000,47471.84000000,47595.14000000,91.27466900,4340371.07978612,1986
1621107780000,2021-05-15 19:43:00,BTC/USDT,47479.87000000,47522.80000000,47411.47000000,47471.84000000,57.05394700,2708844.65935221,1478
1621107720000,2021-05-15 19:42:00,BTC/USDT,47486.18000000,47529.09000000,47420.13000000,47477.50000000,60.81484100,2886931.81696653,1460
1621107660000,2021-05-15 19:41:00,BTC/USDT,47411.81000000,47490.00000000,47363.06000000,47486.17000000,67.97682200,3224048.15710736,1451
1621107600000,2021-05-15 19:40:00,BTC/USDT,47353.25000000,47493.23000000,47353.25000000,47411.80000000,66.55208100,3156587.63178664,1612
1621107540000,2021-05-15 19:39:00,BTC/USDT,47309.21000000,47446.08000000,47309.21000000,47355.57000000,50.27006500,2382147.10853747,1418
1621107480000,2021-05-15 19:38:00,BTC/USDT,47422.63000000,47424.18000000,47258.99000000,47309.22000000,64.51414600,3053788.24293117,1747
1621107420000,2021-05-15 19:37:00,BTC/USDT,47456.17000000,47525.49000000,47370.75000000,47420.92000000,62.96368100,2988156.98636101,1704
1621107360000,2021-05-15 19:36:00,BTC/USDT,47360.68000000,47543.10000000,47343.78000000,47464.50000000,126.94313400,6024517.71949784,2990
1621107300000,2021-05-15 19:35:00,BTC/USDT,47184.08000000,47398.20000000,47163.69000000,47360.13000000,98.63611100,4667395.68675408,2692
1621107240000,2021-05-15 19:34:00,BTC/USDT,47040.35000000,47248.21000000,47030.78000000,47184.02000000,65.67099900,3095870.43366958,2029
1621107180000,2021-05-15 19:33:00,BTC/USDT,47231.20000000,47248.20000000,46958.39000000,47042.74000000,110.25836000,5190351.63674638,2560
1621107120000,2021-05-15 19:32:00,BTC/USDT,47178.73000000,47316.76000000,47176.38000000,47228.16000000,114.69132900,5418298.25977517,3022
1621107060000,2021-05-15 19:31:00,BTC/USDT,47035.51000000,47178.84000000,46900.00000000,47178.73000000,419.24515600,19699178.03231040,8131
1621107000000,2021-05-15 19:30:00,BTC/USDT,47144.72000000,47147.49000000,47000.00000000,47039.81000000,178.79807900,8409385.78669567,5665
1621106940000,2021-05-15 19:29:00,BTC/USDT,47206.44000000,47283.20000000,47114.66000000,47144.66000000,50.51103400,2383154.34464801,1711
1621106880000,2021-05-15 19:28:00,BTC/USDT,47120.91000000,47220.23000000,47020.01000000,47209.85000000,106.62027700,5019362.15966254,2463
1621106820000,2021-05-15 19:27:00,BTC/USDT,47259.18000000,47327.99000000,47079.52000000,47118.24000000,102.14579900,4819404.98077593,2396
1621106760000,2021-05-15 19:26:00,BTC/USDT,47384.47000000,47394.95000000,47238.66000000,47259.18000000,45.49976800,2152392.66075382,1558
1621106700000,2021-05-15 19:25:00,BTC/USDT,47332.20000000,47468.35000000,47316.05000000,47376.38000000,69.36114500,3288010.02619236,1956
1621106640000,2021-05-15 19:24:00,BTC/USDT,47228.78000000,47348.62000000,47218.17000000,47332.21000000,87.42799700,4135138.60939821,2253
1621106580000,2021-05-15 19:23:00,BTC/USDT,47179.96000000,47238.34000000,47071.18000000,47223.15000000,84.39291800,3978954.40004478,2458
1621106520000,2021-05-15 19:22:00,BTC/USDT,47128.47000000,47226.40000000,47059.34000000,47177.84000000,198.61854400,9362777.63238846,2859
1621106460000,2021-05-15 19:21:00,BTC/USDT,47145.02000000,47249.02000000,47050.60000000,47128.47000000,123.28433300,5815057.29602823,3066
1621106400000,2021-05-15 19:20:00,BTC/USDT,47195.41000000,47216.38000000,47020.00000000,47144.78000000,315.71987800,14875600.86209394,6299
1621106340000,2021-05-15 19:19:00,BTC/USDT,47324.89000000,47340.96000000,47166.99000000,47193.07000000,242.95709300,11472840.17339764,5451
1621106280000,2021-05-15 19:18:00,BTC/USDT,47501.39000000,47502.14000000,47270.01000000,47323.01000000,225.49791400,10678806.64947996,5702
1621106220000,2021-05-15 19:17:00,BTC/USDT,47502.53000000,47600.00000000,47477.63000000,47505.89000000,55.30157500,2628817.84598299,1611
1621106160000,2021-05-15 19:16:00,BTC/USDT,47574.94000000,47574.94000000,47462.28000000,47502.77000000,69.67634400,3309405.70737764,1873
1621106100000,2021-05-15 19:15:00,BTC/USDT,47533.93000000,47659.96000000,47533.93000000,47564.31000000,57.87088400,2754944.47912873,1783
1621106040000,2021-05-15 19:14:00,BTC/USDT,47631.13000000,47658.34000000,47480.00000000,47533.93000000,108.83719400,5174560.34167795,3318
1621105980000,2021-05-15 19:13:00,BTC/USDT,47603.98000000,47690.00000000,47600.00000000,47631.13000000,39.30469400,1872268.49613179,1280
1621105920000,2021-05-15 19:12:00,BTC/USDT,47703.04000000,47703.04000000,47588.53000000,47603.97000000,51.27839900,2442509.83642376,1597
1621105860000,2021-05-15 19:11:00,BTC/USDT,47677.15000000,47815.51000000,47664.61000000,47703.05000000,50.79731600,2425391.95558163,1559
1621105800000,2021-05-15 19:10:00,BTC/USDT,47617.90000000,47686.37000000,47588.01000000,47677.15000000,54.52435500,2597042.97276883,1615
1621105740000,2021-05-15 19:09:00,BTC/USDT,47624.19000000,47666.32000000,47606.82000000,47617.91000000,47.37497000,2256806.97974047,1507
1621105680000,2021-05-15 19:08:00,BTC/USDT,47733.54000000,47733.54000000,47613.17000000,47624.19000000,59.75106500,2848000.97362398,1810
1621105620000,2021-05-15 19:07:00,BTC/USDT,47780.43000000,47780.43000000,47670.77000000,47735.92000000,79.38757800,3788811.57692877,1901
1621105560000,2021-05-15 19:06:00,BTC/USDT,47823.73000000,47900.77000000,47780.42000000,47780.43000000,48.24231000,2307145.32296164,1648
1621105500000,2021-05-15 19:05:00,BTC/USDT,47918.03000000,47950.00000000,47822.32000000,47827.95000000,39.43648300,1888137.61487112,1239
1621105440000,2021-05-15 19:04:00,BTC/USDT,47975.00000000,47975.00000000,47889.00000000,47915.63000000,27.70673900,1327688.91021944,1061
1621105380000,2021-05-15 19:03:00,BTC/USDT,47953.94000000,47976.52000000,47921.33000000,47975.00000000,22.20025800,1064400.35309369,814
1621105320000,2021-05-15 19:02:00,BTC/USDT,47988.89000000,48045.72000000,47950.00000000,47953.94000000,44.47686300,2134575.81593952,807
1621105260000,2021-05-15 19:01:00,BTC/USDT,47979.55000000,48023.84000000,47966.49000000,47993.82000000,30.24673100,1451827.84786329,1016
1621105200000,2021-05-15 19:00:00,BTC/USDT,47890.72000000,48025.91000000,47890.71000000,47973.50000000,33.65078000,1613543.72792214,989
1621105140000,2021-05-15 18:59:00,BTC/USDT,47966.81000000,47975.41000000,47860.37000000,47890.07000000,39.19539900,1877812.08957777,1325
1621105080000,2021-05-15 18:58:00,BTC/USDT,47998.42000000,48039.06000000,47966.81000000,47966.83000000,21.13763300,1014651.40886906,758
1621105020000,2021-05-15 18:57:00,BTC/USDT,48043.22000000,48045.91000000,47986.69000000,47998.41000000,41.55416700,1995081.08023159,1058
1621104960000,2021-05-15 18:56:00,BTC/USDT,47994.04000000,48077.55000000,47994.04000000,48043.22000000,36.50146200,1753592.17537288,1017
1621104900000,2021-05-15 18:55:00,BTC/USDT,47948.15000000,48030.00000000,47948.15000000,47993.09000000,49.44274500,2373114.53767973,1066
1621104840000,2021-05-15 18:54:00,BTC/USDT,47973.70000000,47978.97000000,47917.12000000,47948.15000000,26.59276900,1275172.08603089,853
1621104780000,2021-05-15 18:53:00,BTC/USDT,47973.99000000,47985.58000000,47918.28000000,47976.65000000,29.47690400,1413384.41720227,914
1621104720000,2021-05-15 18:52:00,BTC/USDT,47916.25000000,48025.52000000,47916.25000000,47973.11000000,36.24796200,1739416.49799415,1002
1621104660000,2021-05-15 18:51:00,BTC/USDT,47828.29000000,47968.38000000,47802.00000000,47916.25000000,32.93958000,1577461.21410267,981
1621104600000,2021-05-15 18:50:00,BTC/USDT,47909.11000000,47909.11000000,47825.85000000,47828.29000000,26.75450500,1280386.25516169,929
1621104540000,2021-05-15 18:49:00,BTC/USDT,47988.41000000,48013.71000000,47879.76000000,47911.10000000,58.72089800,2815668.82285884,1193
